Insert into SHOP.ADRESSE (ADRESSE_ID,STRASSE,HAUSNR,PLZ,ORT,LAND,KUNDE_FID,ERSTELLT_AM,GEAENDERT_AM,VERSION) values ('100','Kaiserstrasse','234','76133','Karlsruhe','Deutschland','10',to_timestamp('01.10.11 00:00:00,000000000','DD.MM.RR HH24:MI:SS,FF'),to_timestamp('01.10.11 00:00:00,000000000','DD.MM.RR HH24:MI:SS,FF'),'1');
Insert into SHOP.ADRESSE (ADRESSE_ID,STRASSE,HAUSNR,PLZ,ORT,LAND,KUNDE_FID,ERSTELLT_AM,GEAENDERT_AM,VERSION) values ('101','Ringstrasse','10','76133','Karlsruhe','Deutschland','11',to_timestamp('01.10.11 00:00:00,000000000','DD.MM.RR HH24:MI:SS,FF'),to_timestamp('01.10.11 00:00:00,000000000','DD.MM.RR HH24:MI:SS,FF'),'1');
Insert into SHOP.ADRESSE (ADRESSE_ID,STRASSE,HAUSNR,PLZ,ORT,LAND,KUNDE_FID,ERSTELLT_AM,GEAENDERT_AM,VERSION) values ('102','Lilienstrasse','90','76133','Karlsruhe','Deutschland','12',to_timestamp('01.10.11 00:00:00,000000000','DD.MM.RR HH24:MI:SS,FF'),to_timestamp('01.10.11 00:00:00,000000000','DD.MM.RR HH24:MI:SS,FF'),'1');
Insert into SHOP.ADRESSE (ADRESSE_ID,STRASSE,HAUSNR,PLZ,ORT,LAND,KUNDE_FID,ERSTELLT_AM,GEAENDERT_AM,VERSION) values ('103','Fischerweg','7','76133','Karlsruhe','Deutschland','13',to_timestamp('01.10.11 00:00:00,000000000','DD.MM.RR HH24:MI:SS,FF'),to_timestamp('01.10.11 00:00:00,000000000','DD.MM.RR HH24:MI:SS,FF'),'1');
Insert into SHOP.ADRESSE (ADRESSE_ID,STRASSE,HAUSNR,PLZ,ORT,LAND,KUNDE_FID,ERSTELLT_AM,GEAENDERT_AM,VERSION) values ('104','Karlstrasse','56','76133','Karlsruhe','Deutschland','14',to_timestamp('01.10.11 00:00:00,000000000','DD.MM.RR HH24:MI:SS,FF'),to_timestamp('01.10.11 00:00:00,000000000','DD.MM.RR HH24:MI:SS,FF'),'1');
Insert into SHOP.ADRESSE (ADRESSE_ID,STRASSE,HAUSNR,PLZ,ORT,LAND,KUNDE_FID,ERSTELLT_AM,GEAENDERT_AM,VERSION) values ('105','Blumenweg','2','76133','Karlsruhe','Deutschland','15',to_timestamp('01.10.11 00:00:00,000000000','DD.MM.RR HH24:MI:SS,FF'),to_timestamp('01.10.11 00:00:00,000000000','DD.MM.RR HH24:MI:SS,FF'),'1');
Insert into SHOP.ADRESSE (ADRESSE_ID,STRASSE,HAUSNR,PLZ,ORT,LAND,KUNDE_FID,ERSTELLT_AM,GEAENDERT_AM,VERSION) values ('106','Herrenstrasse','34','76133','Karlsruhe','Deutschland','16',to_timestamp('01.10.11 00:00:00,000000000','DD.MM.RR HH24:MI:SS,FF'),to_timestamp('01.10.11 00:00:00,000000000','DD.MM.RR HH24:MI:SS,FF'),'1');
Insert into SHOP.ADRESSE (ADRESSE_ID,STRASSE,HAUSNR,PLZ,ORT,LAND,KUNDE_FID,ERSTELLT_AM,GEAENDERT_AM,VERSION) values ('107','Kronenweg32','234','76133','Karlsruhe','Deutschland','17',to_timestamp('01.10.11 00:00:00,000000000','DD.MM.RR HH24:MI:SS,FF'),to_timestamp('01.10.11 00:00:00,000000000','DD.MM.RR HH24:MI:SS,FF'),'1');
Insert into SHOP.ADRESSE (ADRESSE_ID,STRASSE,HAUSNR,PLZ,ORT,LAND,KUNDE_FID,ERSTELLT_AM,GEAENDERT_AM,VERSION) values ('108','Lessingstrasse','15','76133','Karlsruhe','Deutschland','18',to_timestamp('01.10.11 00:00:00,000000000','DD.MM.RR HH24:MI:SS,FF'),to_timestamp('01.10.11 00:00:00,000000000','DD.MM.RR HH24:MI:SS,FF'),'1');
Insert into SHOP.ADRESSE (ADRESSE_ID,STRASSE,HAUSNR,PLZ,ORT,LAND,KUNDE_FID,ERSTELLT_AM,GEAENDERT_AM,VERSION) values ('109','Kaisserstrasse','40','76133','Karlsruhe','Deutschland','19',to_timestamp('01.10.11 00:00:00,000000000','DD.MM.RR HH24:MI:SS,FF'),to_timestamp('01.10.11 00:00:00,000000000','DD.MM.RR HH24:MI:SS,FF'),'1');

Insert into SHOP.ARTIKEL (ARTIKEL_ID,BEZEICHNUNG,BESCHREIBUNG,PREIS,BILD,ERSTELLT_AM,GEAENDERT_AM,VERSION) values ('300','Chino','Hose','50','x',to_timestamp('01.10.11 00:00:00,000000000','DD.MM.RR HH24:MI:SS,FF'),to_timestamp('01.10.11 00:00:00,000000000','DD.MM.RR HH24:MI:SS,FF'),'1');
Insert into SHOP.ARTIKEL (ARTIKEL_ID,BEZEICHNUNG,BESCHREIBUNG,PREIS,BILD,ERSTELLT_AM,GEAENDERT_AM,VERSION) values ('301','emd','Hemd','25','x',to_timestamp('01.10.11 00:00:00,000000000','DD.MM.RR HH24:MI:SS,FF'),to_timestamp('01.10.11 00:00:00,000000000','DD.MM.RR HH24:MI:SS,FF'),'1');
Insert into SHOP.ARTIKEL (ARTIKEL_ID,BEZEICHNUNG,BESCHREIBUNG,PREIS,BILD,ERSTELLT_AM,GEAENDERT_AM,VERSION) values ('302','T-Shirt','T-Shirt','15','x',to_timestamp('03.10.11 00:00:00,000000000','DD.MM.RR HH24:MI:SS,FF'),to_timestamp('03.10.11 00:00:00,000000000','DD.MM.RR HH24:MI:SS,FF'),'1');
Insert into SHOP.ARTIKEL (ARTIKEL_ID,BEZEICHNUNG,BESCHREIBUNG,PREIS,BILD,ERSTELLT_AM,GEAENDERT_AM,VERSION) values ('303','Woll-Pullover','Pullover','35','x',to_timestamp('03.10.11 00:00:00,000000000','DD.MM.RR HH24:MI:SS,FF'),to_timestamp('03.10.11 00:00:00,000000000','DD.MM.RR HH24:MI:SS,FF'),'1');
Insert into SHOP.ARTIKEL (ARTIKEL_ID,BEZEICHNUNG,BESCHREIBUNG,PREIS,BILD,ERSTELLT_AM,GEAENDERT_AM,VERSION) values ('304','Regenjacke','Jacke','50','x',to_timestamp('07.10.11 00:00:00,000000000','DD.MM.RR HH24:MI:SS,FF'),to_timestamp('07.10.11 00:00:00,000000000','DD.MM.RR HH24:MI:SS,FF'),'1');
Insert into SHOP.ARTIKEL (ARTIKEL_ID,BEZEICHNUNG,BESCHREIBUNG,PREIS,BILD,ERSTELLT_AM,GEAENDERT_AM,VERSION) values ('305','Sakko','Sakko','55','x',to_timestamp('07.10.11 00:00:00,000000000','DD.MM.RR HH24:MI:SS,FF'),to_timestamp('07.10.11 00:00:00,000000000','DD.MM.RR HH24:MI:SS,FF'),'1');
Insert into SHOP.ARTIKEL (ARTIKEL_ID,BEZEICHNUNG,BESCHREIBUNG,PREIS,BILD,ERSTELLT_AM,GEAENDERT_AM,VERSION) values ('306','Weste','Weste','25','x',to_timestamp('07.10.11 00:00:00,000000000','DD.MM.RR HH24:MI:SS,FF'),to_timestamp('07.10.11 00:00:00,000000000','DD.MM.RR HH24:MI:SS,FF'),'1');
Insert into SHOP.ARTIKEL (ARTIKEL_ID,BEZEICHNUNG,BESCHREIBUNG,PREIS,BILD,ERSTELLT_AM,GEAENDERT_AM,VERSION) values ('307','Boxershort','Unterwäsche','5','x',to_timestamp('10.10.11 00:00:00,000000000','DD.MM.RR HH24:MI:SS,FF'),to_timestamp('10.10.11 00:00:00,000000000','DD.MM.RR HH24:MI:SS,FF'),'1');
Insert into SHOP.ARTIKEL (ARTIKEL_ID,BEZEICHNUNG,BESCHREIBUNG,PREIS,BILD,ERSTELLT_AM,GEAENDERT_AM,VERSION) values ('308','Badeshort','Badehose','10','x',to_timestamp('10.10.11 00:00:00,000000000','DD.MM.RR HH24:MI:SS,FF'),to_timestamp('10.10.11 00:00:00,000000000','DD.MM.RR HH24:MI:SS,FF'),'1');
Insert into SHOP.ARTIKEL (ARTIKEL_ID,BEZEICHNUNG,BESCHREIBUNG,PREIS,BILD,ERSTELLT_AM,GEAENDERT_AM,VERSION) values ('309','Jogginghose','Sporthose','23','x',to_timestamp('10.10.11 00:00:00,000000000','DD.MM.RR HH24:MI:SS,FF'),to_timestamp('10.10.11 00:00:00,000000000','DD.MM.RR HH24:MI:SS,FF'),'1');
Insert into SHOP.ARTIKEL (ARTIKEL_ID,BEZEICHNUNG,BESCHREIBUNG,PREIS,BILD,ERSTELLT_AM,GEAENDERT_AM,VERSION) values ('312','BaseCap','Hut','23','x',to_timestamp('10.10.11 00:00:00,000000000','DD.MM.RR HH24:MI:SS,FF'),to_timestamp('10.10.11 00:00:00,000000000','DD.MM.RR HH24:MI:SS,FF'),'1');
Insert into SHOP.ARTIKEL (ARTIKEL_ID,BEZEICHNUNG,BESCHREIBUNG,PREIS,BILD,ERSTELLT_AM,GEAENDERT_AM,VERSION) values ('313','BaseCap','Hut','23','x',to_timestamp('10.10.11 00:00:00,000000000','DD.MM.RR HH24:MI:SS,FF'),to_timestamp('10.10.11 00:00:00,000000000','DD.MM.RR HH24:MI:SS,FF'),'1');

Insert into SHOP.AUFTRAG (AUFTRAG_ID,KUNDE_FID,ERSTELLT_AM,GEAENDERT_AM,VERSION) values ('150','10',to_timestamp('01.10.11 00:00:00,000000000','DD.MM.RR HH24:MI:SS,FF'),to_timestamp('01.10.11 00:00:00,000000000','DD.MM.RR HH24:MI:SS,FF'),'1');
Insert into SHOP.AUFTRAG (AUFTRAG_ID,KUNDE_FID,ERSTELLT_AM,GEAENDERT_AM,VERSION) values ('151','10',to_timestamp('01.10.11 00:00:00,000000000','DD.MM.RR HH24:MI:SS,FF'),to_timestamp('01.10.11 00:00:00,000000000','DD.MM.RR HH24:MI:SS,FF'),'1');
Insert into SHOP.AUFTRAG (AUFTRAG_ID,KUNDE_FID,ERSTELLT_AM,GEAENDERT_AM,VERSION) values ('152','11',to_timestamp('03.10.11 00:00:00,000000000','DD.MM.RR HH24:MI:SS,FF'),to_timestamp('03.10.11 00:00:00,000000000','DD.MM.RR HH24:MI:SS,FF'),'1');
Insert into SHOP.AUFTRAG (AUFTRAG_ID,KUNDE_FID,ERSTELLT_AM,GEAENDERT_AM,VERSION) values ('153','12',to_timestamp('03.10.11 00:00:00,000000000','DD.MM.RR HH24:MI:SS,FF'),to_timestamp('03.10.11 00:00:00,000000000','DD.MM.RR HH24:MI:SS,FF'),'1');
Insert into SHOP.AUFTRAG (AUFTRAG_ID,KUNDE_FID,ERSTELLT_AM,GEAENDERT_AM,VERSION) values ('154','10',to_timestamp('04.10.11 00:00:00,000000000','DD.MM.RR HH24:MI:SS,FF'),to_timestamp('04.10.11 00:00:00,000000000','DD.MM.RR HH24:MI:SS,FF'),'1');
Insert into SHOP.AUFTRAG (AUFTRAG_ID,KUNDE_FID,ERSTELLT_AM,GEAENDERT_AM,VERSION) values ('155','10',to_timestamp('04.10.11 00:00:00,000000000','DD.MM.RR HH24:MI:SS,FF'),to_timestamp('04.10.11 00:00:00,000000000','DD.MM.RR HH24:MI:SS,FF'),'1');
Insert into SHOP.AUFTRAG (AUFTRAG_ID,KUNDE_FID,ERSTELLT_AM,GEAENDERT_AM,VERSION) values ('156','12',to_timestamp('04.10.11 00:00:00,000000000','DD.MM.RR HH24:MI:SS,FF'),to_timestamp('04.10.11 00:00:00,000000000','DD.MM.RR HH24:MI:SS,FF'),'1');
Insert into SHOP.AUFTRAG (AUFTRAG_ID,KUNDE_FID,ERSTELLT_AM,GEAENDERT_AM,VERSION) values ('157','13',to_timestamp('04.10.11 00:00:00,000000000','DD.MM.RR HH24:MI:SS,FF'),to_timestamp('04.10.11 00:00:00,000000000','DD.MM.RR HH24:MI:SS,FF'),'1');
Insert into SHOP.AUFTRAG (AUFTRAG_ID,KUNDE_FID,ERSTELLT_AM,GEAENDERT_AM,VERSION) values ('158','14',to_timestamp('04.10.11 00:00:00,000000000','DD.MM.RR HH24:MI:SS,FF'),to_timestamp('04.10.11 00:00:00,000000000','DD.MM.RR HH24:MI:SS,FF'),'1');
Insert into SHOP.AUFTRAG (AUFTRAG_ID,KUNDE_FID,ERSTELLT_AM,GEAENDERT_AM,VERSION) values ('159','14',to_timestamp('04.10.11 00:00:00,000000000','DD.MM.RR HH24:MI:SS,FF'),to_timestamp('04.10.11 00:00:00,000000000','DD.MM.RR HH24:MI:SS,FF'),'1');
Insert into SHOP.AUFTRAG (AUFTRAG_ID,KUNDE_FID,ERSTELLT_AM,GEAENDERT_AM,VERSION) values ('160','15',to_timestamp('04.10.11 00:00:00,000000000','DD.MM.RR HH24:MI:SS,FF'),to_timestamp('04.10.11 00:00:00,000000000','DD.MM.RR HH24:MI:SS,FF'),'1');

Insert into SHOP.AUFTRAGSPOSITION (AUFTRAGSPOSITION_ID,AUFTRAG_FID,IDX,ARTIKEL_FID,ANZAHL,PREIS,VERSION) values ('200','150','0','300','1','20,99','1');
Insert into SHOP.AUFTRAGSPOSITION (AUFTRAGSPOSITION_ID,AUFTRAG_FID,IDX,ARTIKEL_FID,ANZAHL,PREIS,VERSION) values ('201','150','1','301','2','20,99','1');
Insert into SHOP.AUFTRAGSPOSITION (AUFTRAGSPOSITION_ID,AUFTRAG_FID,IDX,ARTIKEL_FID,ANZAHL,PREIS,VERSION) values ('202','151','0','302','2','20,99','1');
Insert into SHOP.AUFTRAGSPOSITION (AUFTRAGSPOSITION_ID,AUFTRAG_FID,IDX,ARTIKEL_FID,ANZAHL,PREIS,VERSION) values ('203','152','0','305','20','20,99','1');
Insert into SHOP.AUFTRAGSPOSITION (AUFTRAGSPOSITION_ID,AUFTRAG_FID,IDX,ARTIKEL_FID,ANZAHL,PREIS,VERSION) values ('204','153','0','300','1','20,99','1');
Insert into SHOP.AUFTRAGSPOSITION (AUFTRAGSPOSITION_ID,AUFTRAG_FID,IDX,ARTIKEL_FID,ANZAHL,PREIS,VERSION) values ('205','153','1','303','3','20,99','1');
Insert into SHOP.AUFTRAGSPOSITION (AUFTRAGSPOSITION_ID,AUFTRAG_FID,IDX,ARTIKEL_FID,ANZAHL,PREIS,VERSION) values ('206','153','2','304','1','20,99','1');
Insert into SHOP.AUFTRAGSPOSITION (AUFTRAGSPOSITION_ID,AUFTRAG_FID,IDX,ARTIKEL_FID,ANZAHL,PREIS,VERSION) values ('207','153','3','309','10','20,99','1');
Insert into SHOP.AUFTRAGSPOSITION (AUFTRAGSPOSITION_ID,AUFTRAG_FID,IDX,ARTIKEL_FID,ANZAHL,PREIS,VERSION) values ('208','153','4','308','1','20,99','1');
Insert into SHOP.AUFTRAGSPOSITION (AUFTRAGSPOSITION_ID,AUFTRAG_FID,IDX,ARTIKEL_FID,ANZAHL,PREIS,VERSION) values ('209','154','0','305','4','20,99','1');
Insert into SHOP.AUFTRAGSPOSITION (AUFTRAGSPOSITION_ID,AUFTRAG_FID,IDX,ARTIKEL_FID,ANZAHL,PREIS,VERSION) values ('210','155','0','309','1','20,99','1');
Insert into SHOP.AUFTRAGSPOSITION (AUFTRAGSPOSITION_ID,AUFTRAG_FID,IDX,ARTIKEL_FID,ANZAHL,PREIS,VERSION) values ('211','156','0','307','1','20,99','1');
Insert into SHOP.AUFTRAGSPOSITION (AUFTRAGSPOSITION_ID,AUFTRAG_FID,IDX,ARTIKEL_FID,ANZAHL,PREIS,VERSION) values ('212','157','0','306','2','20,99','1');
Insert into SHOP.AUFTRAGSPOSITION (AUFTRAGSPOSITION_ID,AUFTRAG_FID,IDX,ARTIKEL_FID,ANZAHL,PREIS,VERSION) values ('213','158','0','300','1','20,99','1');
Insert into SHOP.AUFTRAGSPOSITION (AUFTRAGSPOSITION_ID,AUFTRAG_FID,IDX,ARTIKEL_FID,ANZAHL,PREIS,VERSION) values ('214','159','0','303','1','20,99','1');

Insert into SHOP.KUNDE (KUNDENNR,NACHNAME,VORNAME,EMAIL,PASSWORT,ERSTELLT_AM,GEAENDERT_AM,VERSION) values ('10','Loya','Holly','Loya@gmail.com','1234',to_timestamp('01.10.11 00:00:00,000000000','DD.MM.RR HH24:MI:SS,FF'),to_timestamp('01.10.11 00:00:00,000000000','DD.MM.RR HH24:MI:SS,FF'),'1');
Insert into SHOP.KUNDE (KUNDENNR,NACHNAME,VORNAME,EMAIL,PASSWORT,ERSTELLT_AM,GEAENDERT_AM,VERSION) values ('11','Allan','Ada','Allan@gmail.com','1234',to_timestamp('01.10.11 00:00:00,000000000','DD.MM.RR HH24:MI:SS,FF'),to_timestamp('01.10.11 00:00:00,000000000','DD.MM.RR HH24:MI:SS,FF'),'1');
Insert into SHOP.KUNDE (KUNDENNR,NACHNAME,VORNAME,EMAIL,PASSWORT,ERSTELLT_AM,GEAENDERT_AM,VERSION) values ('12','Boss','Joanna','Boss@gmail.com','1234',to_timestamp('01.10.11 00:00:00,000000000','DD.MM.RR HH24:MI:SS,FF'),to_timestamp('01.10.11 00:00:00,000000000','DD.MM.RR HH24:MI:SS,FF'),'1');
Insert into SHOP.KUNDE (KUNDENNR,NACHNAME,VORNAME,EMAIL,PASSWORT,ERSTELLT_AM,GEAENDERT_AM,VERSION) values ('13','Sutphin','Tamara','hs@krug-it.de','1234',to_timestamp('01.10.11 00:00:00,000000000','DD.MM.RR HH24:MI:SS,FF'),to_timestamp('01.10.11 00:00:00,000000000','DD.MM.RR HH24:MI:SS,FF'),'1');
Insert into SHOP.KUNDE (KUNDENNR,NACHNAME,VORNAME,EMAIL,PASSWORT,ERSTELLT_AM,GEAENDERT_AM,VERSION) values ('14','Timberlake','Dora','Timberlake@gmail.com','1234',to_timestamp('01.10.11 00:00:00,000000000','DD.MM.RR HH24:MI:SS,FF'),to_timestamp('01.10.11 00:00:00,000000000','DD.MM.RR HH24:MI:SS,FF'),'1');
Insert into SHOP.KUNDE (KUNDENNR,NACHNAME,VORNAME,EMAIL,PASSWORT,ERSTELLT_AM,GEAENDERT_AM,VERSION) values ('15','Hooks','Rodney','Hooks@gmail.com','1234',to_timestamp('01.10.11 00:00:00,000000000','DD.MM.RR HH24:MI:SS,FF'),to_timestamp('01.10.11 00:00:00,000000000','DD.MM.RR HH24:MI:SS,FF'),'1');
Insert into SHOP.KUNDE (KUNDENNR,NACHNAME,VORNAME,EMAIL,PASSWORT,ERSTELLT_AM,GEAENDERT_AM,VERSION) values ('16','Keegan','Raymond','Keegan@gmail.com','1234',to_timestamp('01.10.11 00:00:00,000000000','DD.MM.RR HH24:MI:SS,FF'),to_timestamp('01.10.11 00:00:00,000000000','DD.MM.RR HH24:MI:SS,FF'),'1');
Insert into SHOP.KUNDE (KUNDENNR,NACHNAME,VORNAME,EMAIL,PASSWORT,ERSTELLT_AM,GEAENDERT_AM,VERSION) values ('17','Jost','Sonya','Jost@gmail.com','1234',to_timestamp('01.10.11 00:00:00,000000000','DD.MM.RR HH24:MI:SS,FF'),to_timestamp('01.10.11 00:00:00,000000000','DD.MM.RR HH24:MI:SS,FF'),'1');
Insert into SHOP.KUNDE (KUNDENNR,NACHNAME,VORNAME,EMAIL,PASSWORT,ERSTELLT_AM,GEAENDERT_AM,VERSION) values ('18','Parsley','Marsha','Parsley@gmail.com','1234',to_timestamp('01.10.11 00:00:00,000000000','DD.MM.RR HH24:MI:SS,FF'),to_timestamp('01.10.11 00:00:00,000000000','DD.MM.RR HH24:MI:SS,FF'),'1');
Insert into SHOP.KUNDE (KUNDENNR,NACHNAME,VORNAME,EMAIL,PASSWORT,ERSTELLT_AM,GEAENDERT_AM,VERSION) values ('19','Whitmore','Paula','Whitmore@gmail.com','1234',to_timestamp('01.10.11 00:00:00,000000000','DD.MM.RR HH24:MI:SS,FF'),to_timestamp('01.10.11 00:00:00,000000000','DD.MM.RR HH24:MI:SS,FF'),'1');

Insert into SHOP.KUNDE_ROLLE (email, ROLLE_FID) values ('Loya@gmail.com','13');
Insert into SHOP.KUNDE_ROLLE (email, ROLLE_FID) values ('Allan@gmail.com','12');
Insert into SHOP.KUNDE_ROLLE (email, ROLLE_FID) values ('Boss@gmail.com','11');
Insert into SHOP.KUNDE_ROLLE (email, ROLLE_FID) values ('hs@krug-it.de','13');
Insert into SHOP.KUNDE_ROLLE (email, ROLLE_FID) values ('Timberlake@gmail.com','12');
Insert into SHOP.KUNDE_ROLLE (email, ROLLE_FID) values ('Hooks@gmail.com','13');
Insert into SHOP.KUNDE_ROLLE (email, ROLLE_FID) values ('Keegan@gmail.com','13');
Insert into SHOP.KUNDE_ROLLE (email, ROLLE_FID) values ('Jost@gmail.com','12');
Insert into SHOP.KUNDE_ROLLE (email, ROLLE_FID) values ('Parsley@gmail.com','11');
Insert into SHOP.KUNDE_ROLLE (email, ROLLE_FID) values ('Whitmore@gmail.com','11');

Insert into SHOP.LAGERPOSITION (LAGERPOSITION_ID,ARTIKEL_FID,ANZAHL,ERSTELLT_AM,GEAENDERT_AM,VERSION) values ('400','300','50',to_timestamp('01.10.11 00:00:00,000000000','DD.MM.RR HH24:MI:SS,FF'),to_timestamp('01.10.11 00:00:00,000000000','DD.MM.RR HH24:MI:SS,FF'),'1');
Insert into SHOP.LAGERPOSITION (LAGERPOSITION_ID,ARTIKEL_FID,ANZAHL,ERSTELLT_AM,GEAENDERT_AM,VERSION) values ('401','301','100',to_timestamp('01.10.11 00:00:00,000000000','DD.MM.RR HH24:MI:SS,FF'),to_timestamp('01.10.11 00:00:00,000000000','DD.MM.RR HH24:MI:SS,FF'),'1');
Insert into SHOP.LAGERPOSITION (LAGERPOSITION_ID,ARTIKEL_FID,ANZAHL,ERSTELLT_AM,GEAENDERT_AM,VERSION) values ('402','302','70',to_timestamp('01.10.11 00:00:00,000000000','DD.MM.RR HH24:MI:SS,FF'),to_timestamp('01.10.11 00:00:00,000000000','DD.MM.RR HH24:MI:SS,FF'),'1');
Insert into SHOP.LAGERPOSITION (LAGERPOSITION_ID,ARTIKEL_FID,ANZAHL,ERSTELLT_AM,GEAENDERT_AM,VERSION) values ('403','303','90',to_timestamp('14.10.11 00:00:00,000000000','DD.MM.RR HH24:MI:SS,FF'),to_timestamp('14.10.11 00:00:00,000000000','DD.MM.RR HH24:MI:SS,FF'),'1');
Insert into SHOP.LAGERPOSITION (LAGERPOSITION_ID,ARTIKEL_FID,ANZAHL,ERSTELLT_AM,GEAENDERT_AM,VERSION) values ('404','304','10',to_timestamp('14.10.11 00:00:00,000000000','DD.MM.RR HH24:MI:SS,FF'),to_timestamp('14.10.11 00:00:00,000000000','DD.MM.RR HH24:MI:SS,FF'),'1');
Insert into SHOP.LAGERPOSITION (LAGERPOSITION_ID,ARTIKEL_FID,ANZAHL,ERSTELLT_AM,GEAENDERT_AM,VERSION) values ('405','305','30',to_timestamp('14.10.11 00:00:00,000000000','DD.MM.RR HH24:MI:SS,FF'),to_timestamp('14.10.11 00:00:00,000000000','DD.MM.RR HH24:MI:SS,FF'),'1');
Insert into SHOP.LAGERPOSITION (LAGERPOSITION_ID,ARTIKEL_FID,ANZAHL,ERSTELLT_AM,GEAENDERT_AM,VERSION) values ('406','306','120',to_timestamp('14.10.11 00:00:00,000000000','DD.MM.RR HH24:MI:SS,FF'),to_timestamp('14.10.11 00:00:00,000000000','DD.MM.RR HH24:MI:SS,FF'),'1');
Insert into SHOP.LAGERPOSITION (LAGERPOSITION_ID,ARTIKEL_FID,ANZAHL,ERSTELLT_AM,GEAENDERT_AM,VERSION) values ('407','307','30',to_timestamp('19.10.11 00:00:00,000000000','DD.MM.RR HH24:MI:SS,FF'),to_timestamp('19.10.11 00:00:00,000000000','DD.MM.RR HH24:MI:SS,FF'),'1');
Insert into SHOP.LAGERPOSITION (LAGERPOSITION_ID,ARTIKEL_FID,ANZAHL,ERSTELLT_AM,GEAENDERT_AM,VERSION) values ('408','308','50',to_timestamp('19.10.11 00:00:00,000000000','DD.MM.RR HH24:MI:SS,FF'),to_timestamp('19.10.11 00:00:00,000000000','DD.MM.RR HH24:MI:SS,FF'),'1');
Insert into SHOP.LAGERPOSITION (LAGERPOSITION_ID,ARTIKEL_FID,ANZAHL,ERSTELLT_AM,GEAENDERT_AM,VERSION) values ('409','309','10',to_timestamp('19.10.11 00:00:00,000000000','DD.MM.RR HH24:MI:SS,FF'),to_timestamp('19.10.11 00:00:00,000000000','DD.MM.RR HH24:MI:SS,FF'),'1');

Insert into SHOP.LIEFERUNG (LIEFERUNG_ID,BESTELLDATUM,LIEFERUNGSDATUM,ERSTELLT_AM,GEAENDERT_AM,VERSION) values ('450',to_date('24.09.11','DD.MM.RR'),to_date('29.09.11','DD.MM.RR'),to_timestamp('24.09.11 00:00:00,000000000','DD.MM.RR HH24:MI:SS,FF'),to_timestamp('29.09.11 00:00:00,000000000','DD.MM.RR HH24:MI:SS,FF'),'1');
Insert into SHOP.LIEFERUNG (LIEFERUNG_ID,BESTELLDATUM,LIEFERUNGSDATUM,ERSTELLT_AM,GEAENDERT_AM,VERSION) values ('451',to_date('25.09.11','DD.MM.RR'),to_date('27.09.11','DD.MM.RR'),to_timestamp('25.09.11 00:00:00,000000000','DD.MM.RR HH24:MI:SS,FF'),to_timestamp('27.09.11 00:00:00,000000000','DD.MM.RR HH24:MI:SS,FF'),'1');
Insert into SHOP.LIEFERUNG (LIEFERUNG_ID,BESTELLDATUM,LIEFERUNGSDATUM,ERSTELLT_AM,GEAENDERT_AM,VERSION) values ('452',to_date('25.09.11','DD.MM.RR'),to_date('28.09.11','DD.MM.RR'),to_timestamp('25.09.11 00:00:00,000000000','DD.MM.RR HH24:MI:SS,FF'),to_timestamp('28.09.11 00:00:00,000000000','DD.MM.RR HH24:MI:SS,FF'),'1');
Insert into SHOP.LIEFERUNG (LIEFERUNG_ID,BESTELLDATUM,LIEFERUNGSDATUM,ERSTELLT_AM,GEAENDERT_AM,VERSION) values ('453',to_date('26.09.11','DD.MM.RR'),to_date('30.09.11','DD.MM.RR'),to_timestamp('26.09.11 00:00:00,000000000','DD.MM.RR HH24:MI:SS,FF'),to_timestamp('30.09.11 00:00:00,000000000','DD.MM.RR HH24:MI:SS,FF'),'1');
Insert into SHOP.LIEFERUNG (LIEFERUNG_ID,BESTELLDATUM,LIEFERUNGSDATUM,ERSTELLT_AM,GEAENDERT_AM,VERSION) values ('454',to_date('26.09.11','DD.MM.RR'),to_date('28.09.11','DD.MM.RR'),to_timestamp('26.09.11 00:00:00,000000000','DD.MM.RR HH24:MI:SS,FF'),to_timestamp('28.09.11 00:00:00,000000000','DD.MM.RR HH24:MI:SS,FF'),'1');
Insert into SHOP.LIEFERUNG (LIEFERUNG_ID,BESTELLDATUM,LIEFERUNGSDATUM,ERSTELLT_AM,GEAENDERT_AM,VERSION) values ('455',to_date('26.09.11','DD.MM.RR'),to_date('29.09.11','DD.MM.RR'),to_timestamp('26.09.11 00:00:00,000000000','DD.MM.RR HH24:MI:SS,FF'),to_timestamp('29.09.11 00:00:00,000000000','DD.MM.RR HH24:MI:SS,FF'),'1');
Insert into SHOP.LIEFERUNG (LIEFERUNG_ID,BESTELLDATUM,LIEFERUNGSDATUM,ERSTELLT_AM,GEAENDERT_AM,VERSION) values ('456',to_date('26.09.11','DD.MM.RR'),to_date('29.09.11','DD.MM.RR'),to_timestamp('26.09.11 00:00:00,000000000','DD.MM.RR HH24:MI:SS,FF'),to_timestamp('29.09.11 00:00:00,000000000','DD.MM.RR HH24:MI:SS,FF'),'1');
Insert into SHOP.LIEFERUNG (LIEFERUNG_ID,BESTELLDATUM,LIEFERUNGSDATUM,ERSTELLT_AM,GEAENDERT_AM,VERSION) values ('457',to_date('27.09.11','DD.MM.RR'),to_date('30.09.11','DD.MM.RR'),to_timestamp('27.09.11 00:00:00,000000000','DD.MM.RR HH24:MI:SS,FF'),to_timestamp('30.09.11 00:00:00,000000000','DD.MM.RR HH24:MI:SS,FF'),'1');
Insert into SHOP.LIEFERUNG (LIEFERUNG_ID,BESTELLDATUM,LIEFERUNGSDATUM,ERSTELLT_AM,GEAENDERT_AM,VERSION) values ('458',to_date('27.09.11','DD.MM.RR'),to_date('01.10.11','DD.MM.RR'),to_timestamp('27.09.11 00:00:00,000000000','DD.MM.RR HH24:MI:SS,FF'),to_timestamp('01.10.11 00:00:00,000000000','DD.MM.RR HH24:MI:SS,FF'),'1');
Insert into SHOP.LIEFERUNG (LIEFERUNG_ID,BESTELLDATUM,LIEFERUNGSDATUM,ERSTELLT_AM,GEAENDERT_AM,VERSION) values ('459',to_date('27.09.11','DD.MM.RR'),to_date('29.09.11','DD.MM.RR'),to_timestamp('27.09.11 00:00:00,000000000','DD.MM.RR HH24:MI:SS,FF'),to_timestamp('29.09.11 00:00:00,000000000','DD.MM.RR HH24:MI:SS,FF'),'1');
Insert into SHOP.LIEFERUNG (LIEFERUNG_ID,BESTELLDATUM,LIEFERUNGSDATUM,ERSTELLT_AM,GEAENDERT_AM,VERSION) values ('460',to_date('28.09.11','DD.MM.RR'),to_date('30.09.11','DD.MM.RR'),to_timestamp('28.09.11 00:00:00,000000000','DD.MM.RR HH24:MI:SS,FF'),to_timestamp('30.09.11 00:00:00,000000000','DD.MM.RR HH24:MI:SS,FF'),'1');
Insert into SHOP.LIEFERUNG (LIEFERUNG_ID,BESTELLDATUM,LIEFERUNGSDATUM,ERSTELLT_AM,GEAENDERT_AM,VERSION) values ('461',to_date('29.09.11','DD.MM.RR'),to_date('03.10.11','DD.MM.RR'),to_timestamp('29.09.11 00:00:00,000000000','DD.MM.RR HH24:MI:SS,FF'),to_timestamp('03.10.11 00:00:00,000000000','DD.MM.RR HH24:MI:SS,FF'),'1');
Insert into SHOP.LIEFERUNG (LIEFERUNG_ID,BESTELLDATUM,LIEFERUNGSDATUM,ERSTELLT_AM,GEAENDERT_AM,VERSION) values ('462',to_date('01.10.11','DD.MM.RR'),to_date('04.10.11','DD.MM.RR'),to_timestamp('01.10.11 00:00:00,000000000','DD.MM.RR HH24:MI:SS,FF'),to_timestamp('04.10.11 00:00:00,000000000','DD.MM.RR HH24:MI:SS,FF'),'1');
Insert into SHOP.LIEFERUNG (LIEFERUNG_ID,BESTELLDATUM,LIEFERUNGSDATUM,ERSTELLT_AM,GEAENDERT_AM,VERSION) values ('463',to_date('01.10.11','DD.MM.RR'),to_date('05.10.11','DD.MM.RR'),to_timestamp('01.10.11 00:00:00,000000000','DD.MM.RR HH24:MI:SS,FF'),to_timestamp('05.10.11 00:00:00,000000000','DD.MM.RR HH24:MI:SS,FF'),'1');
Insert into SHOP.LIEFERUNG (LIEFERUNG_ID,BESTELLDATUM,LIEFERUNGSDATUM,ERSTELLT_AM,GEAENDERT_AM,VERSION) values ('464',to_date('01.10.11','DD.MM.RR'),to_date('03.10.11','DD.MM.RR'),to_timestamp('01.10.11 00:00:00,000000000','DD.MM.RR HH24:MI:SS,FF'),to_timestamp('03.10.11 00:00:00,000000000','DD.MM.RR HH24:MI:SS,FF'),'1');

Insert into SHOP.LIEFERUNGSPOSITION (LIEFERUNGSPOSITION_ID,ARTIKEL_FID,LIEFERUNG_FID,ANZAHL,VERSION) values ('500','304','450','11','1');
Insert into SHOP.LIEFERUNGSPOSITION (LIEFERUNGSPOSITION_ID,ARTIKEL_FID,LIEFERUNG_FID,ANZAHL,VERSION) values ('501','301','450','24','1');
Insert into SHOP.LIEFERUNGSPOSITION (LIEFERUNGSPOSITION_ID,ARTIKEL_FID,LIEFERUNG_FID,ANZAHL,VERSION) values ('502','303','450','8','1');
Insert into SHOP.LIEFERUNGSPOSITION (LIEFERUNGSPOSITION_ID,ARTIKEL_FID,LIEFERUNG_FID,ANZAHL,VERSION) values ('503','302','451','3','1');
Insert into SHOP.LIEFERUNGSPOSITION (LIEFERUNGSPOSITION_ID,ARTIKEL_FID,LIEFERUNG_FID,ANZAHL,VERSION) values ('504','307','451','15','1');
Insert into SHOP.LIEFERUNGSPOSITION (LIEFERUNGSPOSITION_ID,ARTIKEL_FID,LIEFERUNG_FID,ANZAHL,VERSION) values ('505','301','452','3','1');
Insert into SHOP.LIEFERUNGSPOSITION (LIEFERUNGSPOSITION_ID,ARTIKEL_FID,LIEFERUNG_FID,ANZAHL,VERSION) values ('506','300','452','7','1');
Insert into SHOP.LIEFERUNGSPOSITION (LIEFERUNGSPOSITION_ID,ARTIKEL_FID,LIEFERUNG_FID,ANZAHL,VERSION) values ('507','302','452','9','1');
Insert into SHOP.LIEFERUNGSPOSITION (LIEFERUNGSPOSITION_ID,ARTIKEL_FID,LIEFERUNG_FID,ANZAHL,VERSION) values ('508','308','453','2','1');
Insert into SHOP.LIEFERUNGSPOSITION (LIEFERUNGSPOSITION_ID,ARTIKEL_FID,LIEFERUNG_FID,ANZAHL,VERSION) values ('509','307','454','12','1');
Insert into SHOP.LIEFERUNGSPOSITION (LIEFERUNGSPOSITION_ID,ARTIKEL_FID,LIEFERUNG_FID,ANZAHL,VERSION) values ('510','302','454','4','1');
Insert into SHOP.LIEFERUNGSPOSITION (LIEFERUNGSPOSITION_ID,ARTIKEL_FID,LIEFERUNG_FID,ANZAHL,VERSION) values ('511','300','455','6','1');
Insert into SHOP.LIEFERUNGSPOSITION (LIEFERUNGSPOSITION_ID,ARTIKEL_FID,LIEFERUNG_FID,ANZAHL,VERSION) values ('512','305','455','2','1');
Insert into SHOP.LIEFERUNGSPOSITION (LIEFERUNGSPOSITION_ID,ARTIKEL_FID,LIEFERUNG_FID,ANZAHL,VERSION) values ('513','304','455','12','1');
Insert into SHOP.LIEFERUNGSPOSITION (LIEFERUNGSPOSITION_ID,ARTIKEL_FID,LIEFERUNG_FID,ANZAHL,VERSION) values ('514','302','455','4','1');
Insert into SHOP.LIEFERUNGSPOSITION (LIEFERUNGSPOSITION_ID,ARTIKEL_FID,LIEFERUNG_FID,ANZAHL,VERSION) values ('515','309','456','2','1');
Insert into SHOP.LIEFERUNGSPOSITION (LIEFERUNGSPOSITION_ID,ARTIKEL_FID,LIEFERUNG_FID,ANZAHL,VERSION) values ('516','301','457','8','1');
Insert into SHOP.LIEFERUNGSPOSITION (LIEFERUNGSPOSITION_ID,ARTIKEL_FID,LIEFERUNG_FID,ANZAHL,VERSION) values ('517','300','457','11','1');
Insert into SHOP.LIEFERUNGSPOSITION (LIEFERUNGSPOSITION_ID,ARTIKEL_FID,LIEFERUNG_FID,ANZAHL,VERSION) values ('518','307','458','10','1');
Insert into SHOP.LIEFERUNGSPOSITION (LIEFERUNGSPOSITION_ID,ARTIKEL_FID,LIEFERUNG_FID,ANZAHL,VERSION) values ('519','304','458','5','1');
Insert into SHOP.LIEFERUNGSPOSITION (LIEFERUNGSPOSITION_ID,ARTIKEL_FID,LIEFERUNG_FID,ANZAHL,VERSION) values ('520','303','458','7','1');
Insert into SHOP.LIEFERUNGSPOSITION (LIEFERUNGSPOSITION_ID,ARTIKEL_FID,LIEFERUNG_FID,ANZAHL,VERSION) values ('521','302','459','4','1');
Insert into SHOP.LIEFERUNGSPOSITION (LIEFERUNGSPOSITION_ID,ARTIKEL_FID,LIEFERUNG_FID,ANZAHL,VERSION) values ('522','301','460','12','1');
Insert into SHOP.LIEFERUNGSPOSITION (LIEFERUNGSPOSITION_ID,ARTIKEL_FID,LIEFERUNG_FID,ANZAHL,VERSION) values ('523','308','460','7','1');
Insert into SHOP.LIEFERUNGSPOSITION (LIEFERUNGSPOSITION_ID,ARTIKEL_FID,LIEFERUNG_FID,ANZAHL,VERSION) values ('524','309','460','8','1');
Insert into SHOP.LIEFERUNGSPOSITION (LIEFERUNGSPOSITION_ID,ARTIKEL_FID,LIEFERUNG_FID,ANZAHL,VERSION) values ('525','304','461','4','1');
Insert into SHOP.LIEFERUNGSPOSITION (LIEFERUNGSPOSITION_ID,ARTIKEL_FID,LIEFERUNG_FID,ANZAHL,VERSION) values ('526','302','461','3','1');
Insert into SHOP.LIEFERUNGSPOSITION (LIEFERUNGSPOSITION_ID,ARTIKEL_FID,LIEFERUNG_FID,ANZAHL,VERSION) values ('527','303','461','9','1');
Insert into SHOP.LIEFERUNGSPOSITION (LIEFERUNGSPOSITION_ID,ARTIKEL_FID,LIEFERUNG_FID,ANZAHL,VERSION) values ('528','307','461','11','1');
Insert into SHOP.LIEFERUNGSPOSITION (LIEFERUNGSPOSITION_ID,ARTIKEL_FID,LIEFERUNG_FID,ANZAHL,VERSION) values ('529','301','461','5','1');
Insert into SHOP.LIEFERUNGSPOSITION (LIEFERUNGSPOSITION_ID,ARTIKEL_FID,LIEFERUNG_FID,ANZAHL,VERSION) values ('530','300','462','3','1');
Insert into SHOP.LIEFERUNGSPOSITION (LIEFERUNGSPOSITION_ID,ARTIKEL_FID,LIEFERUNG_FID,ANZAHL,VERSION) values ('531','302','463','13','1');
Insert into SHOP.LIEFERUNGSPOSITION (LIEFERUNGSPOSITION_ID,ARTIKEL_FID,LIEFERUNG_FID,ANZAHL,VERSION) values ('532','301','463','5','1');
Insert into SHOP.LIEFERUNGSPOSITION (LIEFERUNGSPOSITION_ID,ARTIKEL_FID,LIEFERUNG_FID,ANZAHL,VERSION) values ('533','305','463','3','1');
Insert into SHOP.LIEFERUNGSPOSITION (LIEFERUNGSPOSITION_ID,ARTIKEL_FID,LIEFERUNG_FID,ANZAHL,VERSION) values ('534','304','464','6','1');
Insert into SHOP.LIEFERUNGSPOSITION (LIEFERUNGSPOSITION_ID,ARTIKEL_FID,LIEFERUNG_FID,ANZAHL,VERSION) values ('535','308','464','3','1');
Insert into SHOP.LIEFERUNGSPOSITION (LIEFERUNGSPOSITION_ID,ARTIKEL_FID,LIEFERUNG_FID,ANZAHL,VERSION) values ('536','309','464','3','1');

Insert into SHOP.RECHNUNG (RECHNUNG_ID,AUFTRAG_FID,RECHNUNGSDATUM,ERSTELLT_AM,GEAENDERT_AM,VERSION) values ('250','150',to_date('04.10.11','DD.MM.RR'),to_timestamp('04.10.11 00:00:00,000000000','DD.MM.RR HH24:MI:SS,FF'),to_timestamp('04.10.11 00:00:00,000000000','DD.MM.RR HH24:MI:SS,FF'),'1');
Insert into SHOP.RECHNUNG (RECHNUNG_ID,AUFTRAG_FID,RECHNUNGSDATUM,ERSTELLT_AM,GEAENDERT_AM,VERSION) values ('251','151',to_date('04.10.11','DD.MM.RR'),to_timestamp('04.10.11 00:00:00,000000000','DD.MM.RR HH24:MI:SS,FF'),to_timestamp('04.10.11 00:00:00,000000000','DD.MM.RR HH24:MI:SS,FF'),'1');
Insert into SHOP.RECHNUNG (RECHNUNG_ID,AUFTRAG_FID,RECHNUNGSDATUM,ERSTELLT_AM,GEAENDERT_AM,VERSION) values ('252','152',to_date('04.10.11','DD.MM.RR'),to_timestamp('04.10.11 00:00:00,000000000','DD.MM.RR HH24:MI:SS,FF'),to_timestamp('04.10.11 00:00:00,000000000','DD.MM.RR HH24:MI:SS,FF'),'1');
Insert into SHOP.RECHNUNG (RECHNUNG_ID,AUFTRAG_FID,RECHNUNGSDATUM,ERSTELLT_AM,GEAENDERT_AM,VERSION) values ('253','153',to_date('04.10.11','DD.MM.RR'),to_timestamp('04.10.11 00:00:00,000000000','DD.MM.RR HH24:MI:SS,FF'),to_timestamp('04.10.11 00:00:00,000000000','DD.MM.RR HH24:MI:SS,FF'),'1');
Insert into SHOP.RECHNUNG (RECHNUNG_ID,AUFTRAG_FID,RECHNUNGSDATUM,ERSTELLT_AM,GEAENDERT_AM,VERSION) values ('254','154',to_date('04.10.11','DD.MM.RR'),to_timestamp('04.10.11 00:00:00,000000000','DD.MM.RR HH24:MI:SS,FF'),to_timestamp('04.10.11 00:00:00,000000000','DD.MM.RR HH24:MI:SS,FF'),'1');
Insert into SHOP.RECHNUNG (RECHNUNG_ID,AUFTRAG_FID,RECHNUNGSDATUM,ERSTELLT_AM,GEAENDERT_AM,VERSION) values ('255','155',to_date('04.10.11','DD.MM.RR'),to_timestamp('04.10.11 00:00:00,000000000','DD.MM.RR HH24:MI:SS,FF'),to_timestamp('04.10.11 00:00:00,000000000','DD.MM.RR HH24:MI:SS,FF'),'1');
Insert into SHOP.RECHNUNG (RECHNUNG_ID,AUFTRAG_FID,RECHNUNGSDATUM,ERSTELLT_AM,GEAENDERT_AM,VERSION) values ('256','156',to_date('04.10.11','DD.MM.RR'),to_timestamp('04.10.11 00:00:00,000000000','DD.MM.RR HH24:MI:SS,FF'),to_timestamp('04.10.11 00:00:00,000000000','DD.MM.RR HH24:MI:SS,FF'),'1');
Insert into SHOP.RECHNUNG (RECHNUNG_ID,AUFTRAG_FID,RECHNUNGSDATUM,ERSTELLT_AM,GEAENDERT_AM,VERSION) values ('257','157',to_date('04.10.11','DD.MM.RR'),to_timestamp('04.10.11 00:00:00,000000000','DD.MM.RR HH24:MI:SS,FF'),to_timestamp('04.10.11 00:00:00,000000000','DD.MM.RR HH24:MI:SS,FF'),'1');
Insert into SHOP.RECHNUNG (RECHNUNG_ID,AUFTRAG_FID,RECHNUNGSDATUM,ERSTELLT_AM,GEAENDERT_AM,VERSION) values ('258','158',to_date('04.10.11','DD.MM.RR'),to_timestamp('04.10.11 00:00:00,000000000','DD.MM.RR HH24:MI:SS,FF'),to_timestamp('04.10.11 00:00:00,000000000','DD.MM.RR HH24:MI:SS,FF'),'1');
Insert into SHOP.RECHNUNG (RECHNUNG_ID,AUFTRAG_FID,RECHNUNGSDATUM,ERSTELLT_AM,GEAENDERT_AM,VERSION) values ('259','159',to_date('04.10.11','DD.MM.RR'),to_timestamp('04.10.11 00:00:00,000000000','DD.MM.RR HH24:MI:SS,FF'),to_timestamp('04.10.11 00:00:00,000000000','DD.MM.RR HH24:MI:SS,FF'),'1');

Insert into SHOP.ROLLE (ID, NAME) values ('11','kunde');
Insert into SHOP.ROLLE (ID, NAME) values ('12','admin');
Insert into SHOP.ROLLE (ID, NAME) values ('13','mitarbeiter');

